<?xml version="1.0"?>
<creatures>
  <creature gameID="DWARF" sheetIndex="40" file="color_dwarves.png" color="bodypart" bodypart="skin" >
    <subsprite sheetIndex="43" color="bodypart" bodypart="hair" />
    <subsprite sheetIndex="44" />
	<subsprite sheetIndex="45" />

    <variant prof="MINER" caste="MALE" sheetIndex="40" color="bodypart" bodypart="skin" >
      <subsprite sheetIndex="42" color="bodypart" bodypart="hair" />
      <subsprite sheetIndex="44" />
	  <subsprite sheetIndex="46" />
    </variant>
    <variant prof="WOODWORKER" caste="MALE" sheetIndex="40" color="bodypart" bodypart="skin" >
      <subsprite sheetIndex="42" color="bodypart" bodypart="hair" />
      <subsprite sheetIndex="44" />
	  <subsprite sheetIndex="47" />
    </variant>
    <variant prof="CARPENTER" caste="MALE" sheetIndex="40" color="bodypart" bodypart="skin" >
      <subsprite sheetIndex="42" color="bodypart" bodypart="hair" />
      <subsprite sheetIndex="44" />
	  <subsprite sheetIndex="47" />
    </variant>
    <variant prof="BOWYER" caste="MALE" sheetIndex="40" color="bodypart" bodypart="skin" >
      <subsprite sheetIndex="42" color="bodypart" bodypart="hair" />
      <subsprite sheetIndex="44" />
	  <subsprite sheetIndex="47" />
    </variant>
    <variant prof="WOODCUTTER" caste="MALE" sheetIndex="40" color="bodypart" bodypart="skin" >
      <subsprite sheetIndex="42" color="bodypart" bodypart="hair" />
      <subsprite sheetIndex="44" />
	  <subsprite sheetIndex="47" />
    </variant>
    <variant prof="STONEWORKER" caste="MALE" sheetIndex="40" color="bodypart" bodypart="skin" >
      <subsprite sheetIndex="42" color="bodypart" bodypart="hair" />
      <subsprite sheetIndex="44" />
	  <subsprite sheetIndex="48" />
    </variant>
    <variant prof="ENGRAVER" caste="MALE" sheetIndex="40" color="bodypart" bodypart="skin" >
      <subsprite sheetIndex="42" color="bodypart" bodypart="hair" />
      <subsprite sheetIndex="44" />
	  <subsprite sheetIndex="48" />
    </variant>
    <variant prof="MASON" caste="MALE" sheetIndex="40" color="bodypart" bodypart="skin" >
      <subsprite sheetIndex="42" color="bodypart" bodypart="hair" />
      <subsprite sheetIndex="44" />
	  <subsprite sheetIndex="48" />
    </variant>
    <variant prof="RANGER" caste="MALE" sheetIndex="40" color="bodypart" bodypart="skin" >
      <subsprite sheetIndex="42" color="bodypart" bodypart="hair" />
      <subsprite sheetIndex="44" />
	  <subsprite sheetIndex="49" />
    </variant>
    <variant prof="ANIMAL_CARETAKER" caste="MALE" sheetIndex="40" color="bodypart" bodypart="skin" >
      <subsprite sheetIndex="42" color="bodypart" bodypart="hair" />
      <subsprite sheetIndex="44" />
	  <subsprite sheetIndex="49" />
    </variant>
    <variant prof="ANIMAL_TRAINER" caste="MALE" sheetIndex="40" color="bodypart" bodypart="skin" >
      <subsprite sheetIndex="42" color="bodypart" bodypart="hair" />
      <subsprite sheetIndex="44" />
	  <subsprite sheetIndex="49" />
    </variant>
    <variant prof="HUNTER" caste="MALE" sheetIndex="40" color="bodypart" bodypart="skin" >
      <subsprite sheetIndex="42" color="bodypart" bodypart="hair" />
      <subsprite sheetIndex="44" />
	  <subsprite sheetIndex="49" />
    </variant>
    <variant prof="TRAPPER" caste="MALE" sheetIndex="40" color="bodypart" bodypart="skin" >
      <subsprite sheetIndex="42" color="bodypart" bodypart="hair" />
      <subsprite sheetIndex="44" />
	  <subsprite sheetIndex="49" />
    </variant>
    <variant prof="ANIMAL_DISSECTOR" caste="MALE" sheetIndex="40" color="bodypart" bodypart="skin" >
      <subsprite sheetIndex="42" color="bodypart" bodypart="hair" />
      <subsprite sheetIndex="44" />
	  <subsprite sheetIndex="49" />
    </variant>
    <variant prof="METALSMITH" caste="MALE" sheetIndex="40" color="bodypart" bodypart="skin" >
      <subsprite sheetIndex="43" color="bodypart" bodypart="hair" />
      <subsprite sheetIndex="44" />
	  <subsprite sheetIndex="50" />
    </variant>
    <variant prof="FURNACE_OPERATOR" caste="MALE" sheetIndex="40" color="bodypart" bodypart="skin" >
      <subsprite sheetIndex="43" color="bodypart" bodypart="hair" />
      <subsprite sheetIndex="44" />
	  <subsprite sheetIndex="50" />
    </variant>
    <variant prof="WEAPONSMITH" caste="MALE" sheetIndex="40" color="bodypart" bodypart="skin" >
      <subsprite sheetIndex="43" color="bodypart" bodypart="hair" />
      <subsprite sheetIndex="44" />
	  <subsprite sheetIndex="50" />
    </variant>
    <variant prof="ARMORER" caste="MALE" sheetIndex="40" color="bodypart" bodypart="skin" >
      <subsprite sheetIndex="43" color="bodypart" bodypart="hair" />
      <subsprite sheetIndex="44" />
	  <subsprite sheetIndex="50" />
    </variant>
    <variant prof="BLACKSMITH" caste="MALE" sheetIndex="40" color="bodypart" bodypart="skin" >
      <subsprite sheetIndex="43" color="bodypart" bodypart="hair" />
      <subsprite sheetIndex="44" />
	  <subsprite sheetIndex="50" />
    </variant>
    <variant prof="METALCRAFTER" caste="MALE" sheetIndex="40" color="bodypart" bodypart="skin" >
      <subsprite sheetIndex="43" color="bodypart" bodypart="hair" />
      <subsprite sheetIndex="44" />
	  <subsprite sheetIndex="50" />
    </variant>
    <variant prof="JEWELER" caste="MALE" sheetIndex="40" color="bodypart" bodypart="skin" >
      <subsprite sheetIndex="42" color="bodypart" bodypart="hair" />
      <subsprite sheetIndex="44" />
	  <subsprite sheetIndex="51" />
    </variant>
    <variant prof="GEM_CUTTER" caste="MALE" sheetIndex="40" color="bodypart" bodypart="skin" >
      <subsprite sheetIndex="42" color="bodypart" bodypart="hair" />
      <subsprite sheetIndex="44" />
	  <subsprite sheetIndex="51" />
    </variant>
    <variant prof="GEM_SETTER" caste="MALE" sheetIndex="40" color="bodypart" bodypart="skin" >
      <subsprite sheetIndex="42" color="bodypart" bodypart="hair" />
      <subsprite sheetIndex="44" />
	  <subsprite sheetIndex="51" />
    </variant>
    <variant prof="CRAFTSMAN" caste="MALE" sheetIndex="40" color="bodypart" bodypart="skin" >
      <subsprite sheetIndex="42" color="bodypart" bodypart="hair" />
      <subsprite sheetIndex="44" />
	  <subsprite sheetIndex="52" />
    </variant>
    <variant prof="WOODCRAFTER" caste="MALE" sheetIndex="40" color="bodypart" bodypart="skin" >
      <subsprite sheetIndex="42" color="bodypart" bodypart="hair" />
      <subsprite sheetIndex="44" />
	  <subsprite sheetIndex="52" />
    </variant>
    <variant prof="STONECRAFTER" caste="MALE" sheetIndex="40" color="bodypart" bodypart="skin" >
      <subsprite sheetIndex="42" color="bodypart" bodypart="hair" />
      <subsprite sheetIndex="44" />
	  <subsprite sheetIndex="52" />
    </variant>
    <variant prof="LEATHERWORKER" caste="MALE" sheetIndex="40" color="bodypart" bodypart="skin" >
      <subsprite sheetIndex="42" color="bodypart" bodypart="hair" />
      <subsprite sheetIndex="44" />
	  <subsprite sheetIndex="52" />
    </variant>
    <variant prof="BONE_CARVER" caste="MALE" sheetIndex="40" color="bodypart" bodypart="skin" >
      <subsprite sheetIndex="42" color="bodypart" bodypart="hair" />
      <subsprite sheetIndex="44" />
	  <subsprite sheetIndex="52" />
    </variant>
    <variant prof="WEAVER" caste="MALE" sheetIndex="40" color="bodypart" bodypart="skin" >
      <subsprite sheetIndex="42" color="bodypart" bodypart="hair" />
      <subsprite sheetIndex="44" />
	  <subsprite sheetIndex="52" />
    </variant>
    <variant prof="CLOTHIER" caste="MALE" sheetIndex="40" color="bodypart" bodypart="skin" >
      <subsprite sheetIndex="42" color="bodypart" bodypart="hair" />
      <subsprite sheetIndex="44" />
	  <subsprite sheetIndex="52" />
    </variant>
    <variant prof="GLASSMAKER" caste="MALE" sheetIndex="40" color="bodypart" bodypart="skin" >
      <subsprite sheetIndex="42" color="bodypart" bodypart="hair" />
      <subsprite sheetIndex="44" />
	  <subsprite sheetIndex="52" />
    </variant>
    <variant prof="STRAND_EXTRACTOR" caste="MALE" sheetIndex="40" color="bodypart" bodypart="skin" >
      <subsprite sheetIndex="42" color="bodypart" bodypart="hair" />
      <subsprite sheetIndex="44" />
	  <subsprite sheetIndex="52" />
    </variant>
    <variant prof="FISHERY_WORKER" caste="MALE" sheetIndex="41" color="bodypart" bodypart="skin" >
      <subsprite sheetIndex="42" color="bodypart" bodypart="hair" />
      <subsprite sheetIndex="44" />
	  <subsprite sheetIndex="53" />
    </variant>
    <variant prof="FISHERMAN" caste="MALE" sheetIndex="41" color="bodypart" bodypart="skin" >
      <subsprite sheetIndex="42" color="bodypart" bodypart="hair" />
      <subsprite sheetIndex="44" />
	  <subsprite sheetIndex="53" />
    </variant>
    <variant prof="FISH_DISSECTOR" caste="MALE" sheetIndex="41" color="bodypart" bodypart="skin" >
      <subsprite sheetIndex="42" color="bodypart" bodypart="hair" />
      <subsprite sheetIndex="44" />
	  <subsprite sheetIndex="53" />
    </variant>
    <variant prof="FISH_CLEANER" caste="MALE" sheetIndex="41" color="bodypart" bodypart="skin" >
      <subsprite sheetIndex="42" color="bodypart" bodypart="hair" />
      <subsprite sheetIndex="44" />
	  <subsprite sheetIndex="53" />
    </variant>
    <variant prof="FARMER" caste="MALE" sheetIndex="40" color="bodypart" bodypart="skin" >
      <subsprite sheetIndex="42" color="bodypart" bodypart="hair" />
      <subsprite sheetIndex="44" />
	  <subsprite sheetIndex="54" />
    </variant>
    <variant prof="CHEESE_MAKER" caste="MALE" sheetIndex="40" color="bodypart" bodypart="skin" >
      <subsprite sheetIndex="42" color="bodypart" bodypart="hair" />
      <subsprite sheetIndex="44" />
	  <subsprite sheetIndex="54" />
    </variant>
    <variant prof="MILKER" caste="MALE" sheetIndex="40" color="bodypart" bodypart="skin" >
      <subsprite sheetIndex="42" color="bodypart" bodypart="hair" />
      <subsprite sheetIndex="44" />
	  <subsprite sheetIndex="54" />
    </variant>
    <variant prof="COOK" caste="MALE" sheetIndex="40" color="bodypart" bodypart="skin" >
      <subsprite sheetIndex="42" color="bodypart" bodypart="hair" />
      <subsprite sheetIndex="44" />
	  <subsprite sheetIndex="54" />
    </variant>
    <variant prof="THRESHER" caste="MALE" sheetIndex="40" color="bodypart" bodypart="skin" >
      <subsprite sheetIndex="42" color="bodypart" bodypart="hair" />
      <subsprite sheetIndex="44" />
	  <subsprite sheetIndex="54" />
    </variant>
    <variant prof="MILLER" caste="MALE" sheetIndex="40" color="bodypart" bodypart="skin" >
      <subsprite sheetIndex="42" color="bodypart" bodypart="hair" />
      <subsprite sheetIndex="44" />
	  <subsprite sheetIndex="54" />
    </variant>
    <variant prof="BUTCHER" caste="MALE" sheetIndex="40" color="bodypart" bodypart="skin" >
      <subsprite sheetIndex="42" color="bodypart" bodypart="hair" />
      <subsprite sheetIndex="44" />
	  <subsprite sheetIndex="54" />
    </variant>
    <variant prof="TANNER" caste="MALE" sheetIndex="40" color="bodypart" bodypart="skin" >
      <subsprite sheetIndex="42" color="bodypart" bodypart="hair" />
      <subsprite sheetIndex="44" />
	  <subsprite sheetIndex="54" />
    </variant>
    <variant prof="DYER" caste="MALE" sheetIndex="40" color="bodypart" bodypart="skin" >
      <subsprite sheetIndex="42" color="bodypart" bodypart="hair" />
      <subsprite sheetIndex="44" />
	  <subsprite sheetIndex="54" />
    </variant>
    <variant prof="PLANTER" caste="MALE" sheetIndex="40" color="bodypart" bodypart="skin" >
      <subsprite sheetIndex="42" color="bodypart" bodypart="hair" />
      <subsprite sheetIndex="44" />
	  <subsprite sheetIndex="54" />
    </variant>
    <variant prof="HERBALIST" caste="MALE" sheetIndex="40" color="bodypart" bodypart="skin" >
      <subsprite sheetIndex="42" color="bodypart" bodypart="hair" />
      <subsprite sheetIndex="44" />
	  <subsprite sheetIndex="54" />
    </variant>
    <variant prof="BREWER" caste="MALE" sheetIndex="40" color="bodypart" bodypart="skin" >
      <subsprite sheetIndex="42" color="bodypart" bodypart="hair" />
      <subsprite sheetIndex="44" />
	  <subsprite sheetIndex="54" />
    </variant>
    <variant prof="SOAP_MAKER" caste="MALE" sheetIndex="40" color="bodypart" bodypart="skin" >
      <subsprite sheetIndex="42" color="bodypart" bodypart="hair" />
      <subsprite sheetIndex="44" />
	  <subsprite sheetIndex="54" />
    </variant>
    <variant prof="POTASH_MAKER" caste="MALE" sheetIndex="40" color="bodypart" bodypart="skin" >
      <subsprite sheetIndex="42" color="bodypart" bodypart="hair" />
      <subsprite sheetIndex="44" />
	  <subsprite sheetIndex="54" />
    </variant>
    <variant prof="LYE_MAKER" caste="MALE" sheetIndex="40" color="bodypart" bodypart="skin" >
      <subsprite sheetIndex="42" color="bodypart" bodypart="hair" />
      <subsprite sheetIndex="44" />
	  <subsprite sheetIndex="54" />
    </variant>
    <variant prof="WOOD_BURNER" caste="MALE" sheetIndex="40" color="bodypart" bodypart="skin" >
      <subsprite sheetIndex="42" color="bodypart" bodypart="hair" />
      <subsprite sheetIndex="44" />
	  <subsprite sheetIndex="54" />
    </variant>
    <variant prof="ENGINEER" caste="MALE" sheetIndex="40" color="bodypart" bodypart="skin" >
      <subsprite sheetIndex="42" color="bodypart" bodypart="hair" />
      <subsprite sheetIndex="44" />
	  <subsprite sheetIndex="55" />
    </variant>
    <variant prof="MECHANIC" caste="MALE" sheetIndex="40" color="bodypart" bodypart="skin" >
      <subsprite sheetIndex="42" color="bodypart" bodypart="hair" />
      <subsprite sheetIndex="44" />
	  <subsprite sheetIndex="55" />
    </variant>
    <variant prof="SIEGE_ENGINEER" caste="MALE" sheetIndex="40" color="bodypart" bodypart="skin" >
      <subsprite sheetIndex="42" color="bodypart" bodypart="hair" />
      <subsprite sheetIndex="44" />
	  <subsprite sheetIndex="55" />
    </variant>
    <variant prof="SIEGE_OPERATOR" caste="MALE" sheetIndex="40" color="bodypart" bodypart="skin" >
      <subsprite sheetIndex="42" color="bodypart" bodypart="hair" />
      <subsprite sheetIndex="44" />
	  <subsprite sheetIndex="55" />
    </variant>
    <variant prof="PUMP_OPERATOR" caste="MALE" sheetIndex="40" color="bodypart" bodypart="skin" >
      <subsprite sheetIndex="42" color="bodypart" bodypart="hair" />
      <subsprite sheetIndex="44" />
	  <subsprite sheetIndex="55" />
    </variant>

    <variant prof="HAMMERMAN" caste="MALE" sheetIndex="61" color="bodypart" bodypart="skin" >
      <subsprite sheetIndex="42" color="bodypart" bodypart="hair" />
      <subsprite sheetIndex="44" />
	  <subsprite sheetIndex="65" />
    </variant>
    <variant prof="MASTER_HAMMERMAN" caste="MALE" sheetIndex="61" color="bodypart" bodypart="skin" >
      <subsprite sheetIndex="42" color="bodypart" bodypart="hair" />
      <subsprite sheetIndex="44" />
	  <subsprite sheetIndex="66" />
    </variant>
    <variant prof="SPEARMAN" caste="MALE" sheetIndex="61" color="bodypart" bodypart="skin" >
      <subsprite sheetIndex="42" color="bodypart" bodypart="hair" />
      <subsprite sheetIndex="44" />
	  <subsprite sheetIndex="67" />
    </variant>
    <variant prof="MASTER_SPEARMAN" caste="MALE" sheetIndex="61" color="bodypart" bodypart="skin" >
      <subsprite sheetIndex="42" color="bodypart" bodypart="hair" />
      <subsprite sheetIndex="44" />
	  <subsprite sheetIndex="68" />
    </variant>
    <variant prof="CROSSBOWMAN" caste="MALE" sheetIndex="61" color="bodypart" bodypart="skin" >
      <subsprite sheetIndex="42" color="bodypart" bodypart="hair" />
      <subsprite sheetIndex="44" />
	  <subsprite sheetIndex="69" />
    </variant>
    <variant prof="MASTER_CROSSBOWMAN" caste="MALE" sheetIndex="61" color="bodypart" bodypart="skin" >
      <subsprite sheetIndex="42" color="bodypart" bodypart="hair" />
      <subsprite sheetIndex="44" />
	  <subsprite sheetIndex="70" />
    </variant>
    <variant prof="WRESTLER" caste="MALE" sheetIndex="60" color="bodypart" bodypart="skin" >
      <subsprite sheetIndex="42" color="bodypart" bodypart="hair" />
      <subsprite sheetIndex="44" />
	  <subsprite sheetIndex="71" />
    </variant>
    <variant prof="MASTER_WRESTLER" caste="MALE" sheetIndex="60" color="bodypart" bodypart="skin" >
      <subsprite sheetIndex="42" color="bodypart" bodypart="hair" />
      <subsprite sheetIndex="44" />
	  <subsprite sheetIndex="72" />
    </variant>
    <variant prof="AXEMAN" caste="MALE" sheetIndex="61" color="bodypart" bodypart="skin" >
      <subsprite sheetIndex="42" color="bodypart" bodypart="hair" />
      <subsprite sheetIndex="44" />
	  <subsprite sheetIndex="73" />
    </variant>
    <variant prof="MASTER_AXEMAN" caste="MALE" sheetIndex="61" color="bodypart" bodypart="skin" >
      <subsprite sheetIndex="42" color="bodypart" bodypart="hair" />
      <subsprite sheetIndex="44" />
	  <subsprite sheetIndex="74" />
    </variant>
    <variant prof="SWORDSMAN" caste="MALE" sheetIndex="60" color="bodypart" bodypart="skin" >
      <subsprite sheetIndex="42" color="bodypart" bodypart="hair" />
      <subsprite sheetIndex="44" />
	  <subsprite sheetIndex="75" />
    </variant>
    <variant prof="MASTER_SWORDSMAN" caste="MALE" sheetIndex="60" color="bodypart" bodypart="skin" >
      <subsprite sheetIndex="42" color="bodypart" bodypart="hair" />
      <subsprite sheetIndex="44" />
	  <subsprite sheetIndex="76" />
    </variant>
    <variant prof="MACEMAN" caste="MALE" sheetIndex="62" color="bodypart" bodypart="skin" >
      <subsprite sheetIndex="42" color="bodypart" bodypart="hair" />
      <subsprite sheetIndex="44" />
	  <subsprite sheetIndex="77" />
    </variant>
    <variant prof="MASTER_MACEMAN" caste="MALE" sheetIndex="62" color="bodypart" bodypart="skin" >
      <subsprite sheetIndex="42" color="bodypart" bodypart="hair" />
      <subsprite sheetIndex="44" />
	  <subsprite sheetIndex="78" />
    </variant>
    <variant prof="PIKEMAN" caste="MALE" sheetIndex="61" color="bodypart" bodypart="skin" >
      <subsprite sheetIndex="42" color="bodypart" bodypart="hair" />
      <subsprite sheetIndex="44" />
	  <subsprite sheetIndex="67" />
    </variant>
    <variant prof="MASTER_PIKEMAN" caste="MALE" sheetIndex="61" color="bodypart" bodypart="skin" >
      <subsprite sheetIndex="42" color="bodypart" bodypart="hair" />
      <subsprite sheetIndex="44" />
	  <subsprite sheetIndex="68" />
    </variant>
    <variant prof="BOWMAN" caste="MALE" sheetIndex="61" color="bodypart" bodypart="skin" >
      <subsprite sheetIndex="42" color="bodypart" bodypart="hair" />
      <subsprite sheetIndex="44" />
	  <subsprite sheetIndex="69" />
    </variant>
    <variant prof="MASTER_BOWMAN" caste="MALE" sheetIndex="61" color="bodypart" bodypart="skin" >
      <subsprite sheetIndex="42" color="bodypart" bodypart="hair" />
      <subsprite sheetIndex="44" />
	  <subsprite sheetIndex="70" />
    </variant>
    <variant prof="BLOWGUNMAN" caste="MALE" sheetIndex="61" color="bodypart" bodypart="skin" >
      <subsprite sheetIndex="42" color="bodypart" bodypart="hair" />
      <subsprite sheetIndex="44" />
	  <subsprite sheetIndex="69" />
    </variant>
    <variant prof="MASTER_BLOWGUNMAN" caste="MALE" sheetIndex="61" color="bodypart" bodypart="skin" >
      <subsprite sheetIndex="42" color="bodypart" bodypart="hair" />
      <subsprite sheetIndex="44" />
	  <subsprite sheetIndex="70" />
    </variant>
    <variant prof="LASHER" caste="MALE" sheetIndex="60" color="bodypart" bodypart="skin" >
      <subsprite sheetIndex="42" color="bodypart" bodypart="hair" />
      <subsprite sheetIndex="44" />
	  <subsprite sheetIndex="71" />
    </variant>
    <variant prof="MASTER_LASHER" caste="MALE" sheetIndex="60" color="bodypart" bodypart="skin" >
      <subsprite sheetIndex="42" color="bodypart" bodypart="hair" />
      <subsprite sheetIndex="44" />
	  <subsprite sheetIndex="72" />
    </variant>

	
	
    <variant prof="CHILD" sheetIndex="80">
      <subsprite sheetIndex="81" color="bodypart" bodypart="hair" />
      <subsprite sheetIndex="82" color="bodypart" bodypart="skin" />
    </variant>
    <variant prof="BABY" sheetIndex="60">
      <subsprite sheetIndex="61" color="bodypart" bodypart="hair" />
      <subsprite sheetIndex="62" color="bodypart" bodypart="skin" />
    </variant>

	
    <variant prof="MINER" caste="FEMALE" sheetIndex="0" color="bodypart" bodypart="skin" >
      <subsprite sheetIndex="2" color="bodypart" bodypart="hair" />
      <subsprite sheetIndex="4" />
	  <subsprite sheetIndex="6" />
    </variant>
    <variant prof="WOODWORKER" caste="FEMALE" sheetIndex="0" color="bodypart" bodypart="skin" >
      <subsprite sheetIndex="3" color="bodypart" bodypart="hair" />
      <subsprite sheetIndex="4" />
	  <subsprite sheetIndex="7" />
    </variant>
    <variant prof="CARPENTER" caste="FEMALE" sheetIndex="0" color="bodypart" bodypart="skin" >
      <subsprite sheetIndex="3" color="bodypart" bodypart="hair" />
      <subsprite sheetIndex="4" />
	  <subsprite sheetIndex="7" />
    </variant>
    <variant prof="BOWYER" caste="FEMALE" sheetIndex="0" color="bodypart" bodypart="skin" >
      <subsprite sheetIndex="3" color="bodypart" bodypart="hair" />
      <subsprite sheetIndex="4" />
	  <subsprite sheetIndex="7" />
    </variant>
    <variant prof="WOODCUTTER" caste="FEMALE" sheetIndex="0" color="bodypart" bodypart="skin" >
      <subsprite sheetIndex="3" color="bodypart" bodypart="hair" />
      <subsprite sheetIndex="4" />
	  <subsprite sheetIndex="7" />
    </variant>
    <variant prof="STONEWORKER" caste="FEMALE" sheetIndex="0" color="bodypart" bodypart="skin" >
      <subsprite sheetIndex="2" color="bodypart" bodypart="hair" />
      <subsprite sheetIndex="4" />
	  <subsprite sheetIndex="8" />
    </variant>
    <variant prof="ENGRAVER" caste="FEMALE" sheetIndex="0" color="bodypart" bodypart="skin" >
      <subsprite sheetIndex="2" color="bodypart" bodypart="hair" />
      <subsprite sheetIndex="4" />
	  <subsprite sheetIndex="8" />
    </variant>
    <variant prof="MASON" caste="FEMALE" sheetIndex="0" color="bodypart" bodypart="skin" >
      <subsprite sheetIndex="2" color="bodypart" bodypart="hair" />
      <subsprite sheetIndex="4" />
	  <subsprite sheetIndex="8" />
    </variant>
    <variant prof="RANGER" caste="FEMALE" sheetIndex="0" color="bodypart" bodypart="skin" >
      <subsprite sheetIndex="2" color="bodypart" bodypart="hair" />
      <subsprite sheetIndex="4" />
	  <subsprite sheetIndex="9" />
    </variant>
    <variant prof="ANIMAL_CARETAKER" caste="FEMALE" sheetIndex="0" color="bodypart" bodypart="skin" >
      <subsprite sheetIndex="2" color="bodypart" bodypart="hair" />
      <subsprite sheetIndex="4" />
	  <subsprite sheetIndex="9" />
    </variant>
    <variant prof="ANIMAL_TRAINER" caste="FEMALE" sheetIndex="0" color="bodypart" bodypart="skin" >
      <subsprite sheetIndex="2" color="bodypart" bodypart="hair" />
      <subsprite sheetIndex="4" />
	  <subsprite sheetIndex="9" />
    </variant>
    <variant prof="HUNTER" caste="FEMALE" sheetIndex="0" color="bodypart" bodypart="skin" >
      <subsprite sheetIndex="2" color="bodypart" bodypart="hair" />
      <subsprite sheetIndex="4" />
	  <subsprite sheetIndex="9" />
    </variant>
    <variant prof="TRAPPER" caste="FEMALE" sheetIndex="0" color="bodypart" bodypart="skin" >
      <subsprite sheetIndex="2" color="bodypart" bodypart="hair" />
      <subsprite sheetIndex="4" />
	  <subsprite sheetIndex="9" />
    </variant>
    <variant prof="ANIMAL_DISSECTOR" caste="FEMALE" sheetIndex="0" color="bodypart" bodypart="skin" >
      <subsprite sheetIndex="2" color="bodypart" bodypart="hair" />
      <subsprite sheetIndex="4" />
	  <subsprite sheetIndex="9" />
    </variant>
    <variant prof="METALSMITH" caste="FEMALE" sheetIndex="0" color="bodypart" bodypart="skin" >
      <subsprite sheetIndex="3" color="bodypart" bodypart="hair" />
      <subsprite sheetIndex="4" />
	  <subsprite sheetIndex="10" />
    </variant>
    <variant prof="FURNACE_OPERATOR" caste="FEMALE" sheetIndex="0" color="bodypart" bodypart="skin" >
      <subsprite sheetIndex="3" color="bodypart" bodypart="hair" />
      <subsprite sheetIndex="4" />
	  <subsprite sheetIndex="10" />
    </variant>
    <variant prof="WEAPONSMITH" caste="FEMALE" sheetIndex="0" color="bodypart" bodypart="skin" >
      <subsprite sheetIndex="3" color="bodypart" bodypart="hair" />
      <subsprite sheetIndex="4" />
	  <subsprite sheetIndex="10" />
    </variant>
    <variant prof="ARMORER" caste="FEMALE" sheetIndex="0" color="bodypart" bodypart="skin" >
      <subsprite sheetIndex="3" color="bodypart" bodypart="hair" />
      <subsprite sheetIndex="4" />
	  <subsprite sheetIndex="10" />
    </variant>
    <variant prof="BLACKSMITH" caste="FEMALE" sheetIndex="0" color="bodypart" bodypart="skin" >
      <subsprite sheetIndex="3" color="bodypart" bodypart="hair" />
      <subsprite sheetIndex="4" />
	  <subsprite sheetIndex="10" />
    </variant>
    <variant prof="METALCRAFTER" caste="FEMALE" sheetIndex="0" color="bodypart" bodypart="skin" >
      <subsprite sheetIndex="3" color="bodypart" bodypart="hair" />
      <subsprite sheetIndex="4" />
	  <subsprite sheetIndex="10" />
    </variant>
    <variant prof="JEWELER" caste="FEMALE" sheetIndex="0" color="bodypart" bodypart="skin" >
      <subsprite sheetIndex="2" color="bodypart" bodypart="hair" />
      <subsprite sheetIndex="4" />
	  <subsprite sheetIndex="11" />
    </variant>
    <variant prof="GEM_CUTTER" caste="FEMALE" sheetIndex="0" color="bodypart" bodypart="skin" >
      <subsprite sheetIndex="2" color="bodypart" bodypart="hair" />
      <subsprite sheetIndex="4" />
	  <subsprite sheetIndex="11" />
    </variant>
    <variant prof="GEM_SETTER" caste="FEMALE" sheetIndex="0" color="bodypart" bodypart="skin" >
      <subsprite sheetIndex="2" color="bodypart" bodypart="hair" />
      <subsprite sheetIndex="4" />
	  <subsprite sheetIndex="11" />
    </variant>
    <variant prof="CRAFTSMAN" caste="FEMALE" sheetIndex="0" color="bodypart" bodypart="skin" >
      <subsprite sheetIndex="2" color="bodypart" bodypart="hair" />
      <subsprite sheetIndex="4" />
	  <subsprite sheetIndex="12" />
    </variant>
    <variant prof="WOODCRAFTER" caste="FEMALE" sheetIndex="0" color="bodypart" bodypart="skin" >
      <subsprite sheetIndex="2" color="bodypart" bodypart="hair" />
      <subsprite sheetIndex="4" />
	  <subsprite sheetIndex="12" />
    </variant>
    <variant prof="STONECRAFTER" caste="FEMALE" sheetIndex="0" color="bodypart" bodypart="skin" >
      <subsprite sheetIndex="2" color="bodypart" bodypart="hair" />
      <subsprite sheetIndex="4" />
	  <subsprite sheetIndex="12" />
    </variant>
    <variant prof="LEATHERWORKER" caste="FEMALE" sheetIndex="0" color="bodypart" bodypart="skin" >
      <subsprite sheetIndex="2" color="bodypart" bodypart="hair" />
      <subsprite sheetIndex="4" />
	  <subsprite sheetIndex="12" />
    </variant>
    <variant prof="BONE_CARVER" caste="FEMALE" sheetIndex="0" color="bodypart" bodypart="skin" >
      <subsprite sheetIndex="2" color="bodypart" bodypart="hair" />
      <subsprite sheetIndex="4" />
	  <subsprite sheetIndex="12" />
    </variant>
    <variant prof="WEAVER" caste="FEMALE" sheetIndex="0" color="bodypart" bodypart="skin" >
      <subsprite sheetIndex="2" color="bodypart" bodypart="hair" />
      <subsprite sheetIndex="4" />
	  <subsprite sheetIndex="12" />
    </variant>
    <variant prof="CLOTHIER" caste="FEMALE" sheetIndex="0" color="bodypart" bodypart="skin" >
      <subsprite sheetIndex="2" color="bodypart" bodypart="hair" />
      <subsprite sheetIndex="4" />
	  <subsprite sheetIndex="12" />
    </variant>
    <variant prof="GLASSMAKER" caste="FEMALE" sheetIndex="0" color="bodypart" bodypart="skin" >
      <subsprite sheetIndex="2" color="bodypart" bodypart="hair" />
      <subsprite sheetIndex="4" />
	  <subsprite sheetIndex="12" />
    </variant>
    <variant prof="STRAND_EXTRACTOR" caste="FEMALE" sheetIndex="0" color="bodypart" bodypart="skin" >
      <subsprite sheetIndex="2" color="bodypart" bodypart="hair" />
      <subsprite sheetIndex="4" />
	  <subsprite sheetIndex="12" />
    </variant>
    <variant prof="FISHERY_WORKER" caste="FEMALE" sheetIndex="1" color="bodypart" bodypart="skin" >
      <subsprite sheetIndex="2" color="bodypart" bodypart="hair" />
      <subsprite sheetIndex="4" />
	  <subsprite sheetIndex="13" />
    </variant>
    <variant prof="FISHERMAN" caste="FEMALE" sheetIndex="1" color="bodypart" bodypart="skin" >
      <subsprite sheetIndex="2" color="bodypart" bodypart="hair" />
      <subsprite sheetIndex="4" />
	  <subsprite sheetIndex="13" />
    </variant>
    <variant prof="FISH_DISSECTOR" caste="FEMALE" sheetIndex="1" color="bodypart" bodypart="skin" >
      <subsprite sheetIndex="2" color="bodypart" bodypart="hair" />
      <subsprite sheetIndex="4" />
	  <subsprite sheetIndex="13" />
    </variant>
    <variant prof="FISH_CLEANER" caste="FEMALE" sheetIndex="1" color="bodypart" bodypart="skin" >
      <subsprite sheetIndex="2" color="bodypart" bodypart="hair" />
      <subsprite sheetIndex="4" />
	  <subsprite sheetIndex="13" />
    </variant>
    <variant prof="FARMER" caste="FEMALE" sheetIndex="0" color="bodypart" bodypart="skin" >
      <subsprite sheetIndex="2" color="bodypart" bodypart="hair" />
      <subsprite sheetIndex="4" />
	  <subsprite sheetIndex="14" />
    </variant>
    <variant prof="CHEESE_MAKER" caste="FEMALE" sheetIndex="0" color="bodypart" bodypart="skin" >
      <subsprite sheetIndex="2" color="bodypart" bodypart="hair" />
      <subsprite sheetIndex="4" />
	  <subsprite sheetIndex="14" />
    </variant>
    <variant prof="MILKER" caste="FEMALE" sheetIndex="0" color="bodypart" bodypart="skin" >
      <subsprite sheetIndex="2" color="bodypart" bodypart="hair" />
      <subsprite sheetIndex="4" />
	  <subsprite sheetIndex="14" />
    </variant>
    <variant prof="COOK" caste="FEMALE" sheetIndex="0" color="bodypart" bodypart="skin" >
      <subsprite sheetIndex="2" color="bodypart" bodypart="hair" />
      <subsprite sheetIndex="4" />
	  <subsprite sheetIndex="14" />
    </variant>
    <variant prof="THRESHER" caste="FEMALE" sheetIndex="0" color="bodypart" bodypart="skin" >
      <subsprite sheetIndex="2" color="bodypart" bodypart="hair" />
      <subsprite sheetIndex="4" />
	  <subsprite sheetIndex="14" />
    </variant>
    <variant prof="MILLER" caste="FEMALE" sheetIndex="0" color="bodypart" bodypart="skin" >
      <subsprite sheetIndex="2" color="bodypart" bodypart="hair" />
      <subsprite sheetIndex="4" />
	  <subsprite sheetIndex="14" />
    </variant>
    <variant prof="BUTCHER" caste="FEMALE" sheetIndex="0" color="bodypart" bodypart="skin" >
      <subsprite sheetIndex="2" color="bodypart" bodypart="hair" />
      <subsprite sheetIndex="4" />
	  <subsprite sheetIndex="14" />
    </variant>
    <variant prof="TANNER" caste="FEMALE" sheetIndex="0" color="bodypart" bodypart="skin" >
      <subsprite sheetIndex="2" color="bodypart" bodypart="hair" />
      <subsprite sheetIndex="4" />
	  <subsprite sheetIndex="14" />
    </variant>
    <variant prof="DYER" caste="FEMALE" sheetIndex="0" color="bodypart" bodypart="skin" >
      <subsprite sheetIndex="2" color="bodypart" bodypart="hair" />
      <subsprite sheetIndex="4" />
	  <subsprite sheetIndex="14" />
    </variant>
    <variant prof="PLANTER" caste="FEMALE" sheetIndex="0" color="bodypart" bodypart="skin" >
      <subsprite sheetIndex="2" color="bodypart" bodypart="hair" />
      <subsprite sheetIndex="4" />
	  <subsprite sheetIndex="14" />
    </variant>
    <variant prof="HERBALIST" caste="FEMALE" sheetIndex="0" color="bodypart" bodypart="skin" >
      <subsprite sheetIndex="2" color="bodypart" bodypart="hair" />
      <subsprite sheetIndex="4" />
	  <subsprite sheetIndex="14" />
    </variant>
    <variant prof="BREWER" caste="FEMALE" sheetIndex="0" color="bodypart" bodypart="skin" >
      <subsprite sheetIndex="2" color="bodypart" bodypart="hair" />
      <subsprite sheetIndex="4" />
	  <subsprite sheetIndex="14" />
    </variant>
    <variant prof="SOAP_MAKER" caste="FEMALE" sheetIndex="0" color="bodypart" bodypart="skin" >
      <subsprite sheetIndex="2" color="bodypart" bodypart="hair" />
      <subsprite sheetIndex="4" />
	  <subsprite sheetIndex="14" />
    </variant>
    <variant prof="POTASH_MAKER" caste="FEMALE" sheetIndex="0" color="bodypart" bodypart="skin" >
      <subsprite sheetIndex="2" color="bodypart" bodypart="hair" />
      <subsprite sheetIndex="4" />
	  <subsprite sheetIndex="14" />
    </variant>
    <variant prof="LYE_MAKER" caste="FEMALE" sheetIndex="0" color="bodypart" bodypart="skin" >
      <subsprite sheetIndex="2" color="bodypart" bodypart="hair" />
      <subsprite sheetIndex="4" />
	  <subsprite sheetIndex="14" />
    </variant>
    <variant prof="WOOD_BURNER" caste="FEMALE" sheetIndex="0" color="bodypart" bodypart="skin" >
      <subsprite sheetIndex="2" color="bodypart" bodypart="hair" />
      <subsprite sheetIndex="4" />
	  <subsprite sheetIndex="14" />
    </variant>
    <variant prof="ENGINEER" caste="FEMALE" sheetIndex="0" color="bodypart" bodypart="skin" >
      <subsprite sheetIndex="3" color="bodypart" bodypart="hair" />
      <subsprite sheetIndex="4" />
	  <subsprite sheetIndex="15" />
    </variant>
    <variant prof="MECHANIC" caste="FEMALE" sheetIndex="0" color="bodypart" bodypart="skin" >
      <subsprite sheetIndex="3" color="bodypart" bodypart="hair" />
      <subsprite sheetIndex="4" />
	  <subsprite sheetIndex="15" />
    </variant>
    <variant prof="SIEGE_ENGINEER" caste="FEMALE" sheetIndex="0" color="bodypart" bodypart="skin" >
      <subsprite sheetIndex="3" color="bodypart" bodypart="hair" />
      <subsprite sheetIndex="4" />
	  <subsprite sheetIndex="15" />
    </variant>
    <variant prof="SIEGE_OPERATOR" caste="FEMALE" sheetIndex="0" color="bodypart" bodypart="skin" >
      <subsprite sheetIndex="3" color="bodypart" bodypart="hair" />
      <subsprite sheetIndex="4" />
	  <subsprite sheetIndex="15" />
    </variant>
    <variant prof="PUMP_OPERATOR" caste="FEMALE" sheetIndex="0" color="bodypart" bodypart="skin" >
      <subsprite sheetIndex="3" color="bodypart" bodypart="hair" />
      <subsprite sheetIndex="4" />
	  <subsprite sheetIndex="15" />
    </variant>

    <variant prof="HAMMERMAN" caste="FEMALE" sheetIndex="21" color="bodypart" bodypart="skin" >
      <subsprite sheetIndex="2" color="bodypart" bodypart="hair" />
      <subsprite sheetIndex="4" />
	  <subsprite sheetIndex="25" />
    </variant>
    <variant prof="MASTER_HAMMERMAN" caste="FEMALE" sheetIndex="21" color="bodypart" bodypart="skin" >
      <subsprite sheetIndex="2" color="bodypart" bodypart="hair" />
      <subsprite sheetIndex="4" />
	  <subsprite sheetIndex="26" />
    </variant>
    <variant prof="SPEARMAN" caste="FEMALE" sheetIndex="22" color="bodypart" bodypart="skin" >
      <subsprite sheetIndex="2" color="bodypart" bodypart="hair" />
      <subsprite sheetIndex="4" />
	  <subsprite sheetIndex="27" />
    </variant>
    <variant prof="MASTER_SPEARMAN" caste="FEMALE" sheetIndex="22" color="bodypart" bodypart="skin" >
      <subsprite sheetIndex="2" color="bodypart" bodypart="hair" />
      <subsprite sheetIndex="4" />
	  <subsprite sheetIndex="28" />
    </variant>
    <variant prof="CROSSBOWMAN" caste="FEMALE" sheetIndex="21" color="bodypart" bodypart="skin" >
      <subsprite sheetIndex="2" color="bodypart" bodypart="hair" />
      <subsprite sheetIndex="4" />
	  <subsprite sheetIndex="29" />
    </variant>
    <variant prof="MASTER_CROSSBOWMAN" caste="FEMALE" sheetIndex="21" color="bodypart" bodypart="skin" >
      <subsprite sheetIndex="2" color="bodypart" bodypart="hair" />
      <subsprite sheetIndex="4" />
	  <subsprite sheetIndex="30" />
    </variant>
    <variant prof="WRESTLER" caste="FEMALE" sheetIndex="20" color="bodypart" bodypart="skin" >
      <subsprite sheetIndex="2" color="bodypart" bodypart="hair" />
      <subsprite sheetIndex="4" />
	  <subsprite sheetIndex="31" />
    </variant>
    <variant prof="MASTER_WRESTLER" caste="FEMALE" sheetIndex="20" color="bodypart" bodypart="skin" >
      <subsprite sheetIndex="2" color="bodypart" bodypart="hair" />
      <subsprite sheetIndex="4" />
	  <subsprite sheetIndex="32" />
    </variant>
    <variant prof="AXEMAN" caste="FEMALE" sheetIndex="21" color="bodypart" bodypart="skin" >
      <subsprite sheetIndex="2" color="bodypart" bodypart="hair" />
      <subsprite sheetIndex="4" />
	  <subsprite sheetIndex="33" />
    </variant>
    <variant prof="MASTER_AXEMAN" caste="FEMALE" sheetIndex="21" color="bodypart" bodypart="skin" >
      <subsprite sheetIndex="2" color="bodypart" bodypart="hair" />
      <subsprite sheetIndex="4" />
	  <subsprite sheetIndex="34" />
    </variant>
    <variant prof="SWORDSMAN" caste="FEMALE" sheetIndex="20" color="bodypart" bodypart="skin" >
      <subsprite sheetIndex="2" color="bodypart" bodypart="hair" />
      <subsprite sheetIndex="4" />
	  <subsprite sheetIndex="35" />
    </variant>
    <variant prof="MASTER_SWORDSMAN" caste="FEMALE" sheetIndex="20" color="bodypart" bodypart="skin" >
      <subsprite sheetIndex="2" color="bodypart" bodypart="hair" />
      <subsprite sheetIndex="4" />
	  <subsprite sheetIndex="36" />
    </variant>
    <variant prof="MACEMAN" caste="FEMALE" sheetIndex="21" color="bodypart" bodypart="skin" >
      <subsprite sheetIndex="2" color="bodypart" bodypart="hair" />
      <subsprite sheetIndex="4" />
	  <subsprite sheetIndex="37" />
    </variant>
    <variant prof="MASTER_MACEMAN" caste="FEMALE" sheetIndex="21" color="bodypart" bodypart="skin" >
      <subsprite sheetIndex="2" color="bodypart" bodypart="hair" />
      <subsprite sheetIndex="4" />
	  <subsprite sheetIndex="38" />
    </variant>
    <variant prof="PIKEMAN" caste="FEMALE" sheetIndex="22" color="bodypart" bodypart="skin" >
      <subsprite sheetIndex="2" color="bodypart" bodypart="hair" />
      <subsprite sheetIndex="4" />
	  <subsprite sheetIndex="27" />
    </variant>
    <variant prof="MASTER_PIKEMAN" caste="FEMALE" sheetIndex="22" color="bodypart" bodypart="skin" >
      <subsprite sheetIndex="2" color="bodypart" bodypart="hair" />
      <subsprite sheetIndex="4" />
	  <subsprite sheetIndex="28" />
    </variant>
    <variant prof="BOWMAN" caste="FEMALE" sheetIndex="21" color="bodypart" bodypart="skin" >
      <subsprite sheetIndex="2" color="bodypart" bodypart="hair" />
      <subsprite sheetIndex="4" />
	  <subsprite sheetIndex="29" />
    </variant>
    <variant prof="MASTER_BOWMAN" caste="FEMALE" sheetIndex="21" color="bodypart" bodypart="skin" >
      <subsprite sheetIndex="2" color="bodypart" bodypart="hair" />
      <subsprite sheetIndex="4" />
	  <subsprite sheetIndex="30" />
    </variant>
    <variant prof="BLOWGUNMAN" caste="FEMALE" sheetIndex="21" color="bodypart" bodypart="skin" >
      <subsprite sheetIndex="2" color="bodypart" bodypart="hair" />
      <subsprite sheetIndex="4" />
	  <subsprite sheetIndex="29" />
    </variant>
    <variant prof="MASTER_BLOWGUNMAN" caste="FEMALE" sheetIndex="21" color="bodypart" bodypart="skin" >
      <subsprite sheetIndex="2" color="bodypart" bodypart="hair" />
      <subsprite sheetIndex="4" />
	  <subsprite sheetIndex="30" />
    </variant>
    <variant prof="LASHER" caste="FEMALE" sheetIndex="20" color="bodypart" bodypart="skin" >
      <subsprite sheetIndex="2" color="bodypart" bodypart="hair" />
      <subsprite sheetIndex="4" />
	  <subsprite sheetIndex="31" />
    </variant>
    <variant prof="MASTER_LASHER" caste="FEMALE" sheetIndex="20" color="bodypart" bodypart="skin" >
      <subsprite sheetIndex="2" color="bodypart" bodypart="hair" />
      <subsprite sheetIndex="4" />
	  <subsprite sheetIndex="32" />
    </variant>
	
    <variant caste="FEMALE" sheetIndex="0" color="bodypart" bodypart="skin" >
      <subsprite sheetIndex="3" color="bodypart" bodypart="hair" />
      <subsprite sheetIndex="4" />
	  <subsprite sheetIndex="5" />
    </variant>
  </creature>
</creatures>
