<?xml version="1.0"?>
<creatures>
  
  <creature gameID="CAT" sheetIndex="20" >
    <variant prof="CHILD" sheetIndex="21" />
  </creature>
  
  <creature gameID="DOG" sheetIndex="22" >
    <variant prof="CHILD" sheetIndex="23" />
  </creature>
  
  <creature gameID="MACAQUE_RHESUS" sheetIndex="2" />
  <creature gameID="CAMEL_1_HUMP" sheetIndex="4" />
  <creature gameID="CAMEL_2_HUMP" sheetIndex="4" />
  <creature gameID="COW" sheetIndex="5" />
  <creature gameID="HIPPO" sheetIndex="6" />
  <creature gameID="GROUNDHOG" sheetIndex="7" />
  
	<creature gameID="HARPY" sheetIndex="11" />
	<creature gameID="CYCLOPS" sheetIndex="12" offsety="-2"/>
	<creature gameID="ETTIN" sheetIndex="13"offsety="-2" />
	<creature gameID="GIANT" sheetIndex="14"offsety="-2" />
	<creature gameID="MINOTAUR" sheetIndex="15" offsety="-2" />
	<creature gameID="TROLL" sheetIndex="16" offsety="-2" />
	<creature gameID="NIGHTWING" sheetIndex="17" />
  <creature gameID="FISH_CONGER_EEL" sheetIndex="18" />
  <creature gameID="OGRE" sheetIndex="19" offsety="-2"/>
  
  <creature gameID="MULE" sheetIndex="24" color="bodypart"  bodypart="hair" />
  <creature gameID="DONKEY" sheetIndex="24" color="bodypart"  bodypart="hair" />
  <creature gameID="MUSKOX" sheetIndex="25" />
  <creature gameID="HORSE" sheetIndex="26" />
  <creature gameID="FISH_CARP" sheetIndex="29" />
  
  <creature gameID="OLM_GIANT" sheetIndex="30" />
  <creature gameID="BEAK_DOG" sheetIndex="32" />
  <creature gameID="KOBOLD" sheetIndex="33" />
  <creature gameID="GOBLIN" sheetIndex="34" />
  <creature gameID="ALLIGATOR" sheetIndex="35" />
  <creature gameID="SPIDER_CAVE_GIANT" sheetIndex="36" />
  <creature gameID="SPIRIT_OF_FIRE" sheetIndex="38" />
  <creature gameID="IMP_FIRE" sheetIndex="39" />
  
  <creature gameID="RODENT MAN" sheetIndex="40" />
  <creature gameID="AMPHIBIAN_MAN" sheetIndex="41" />
  <creature gameID="REPTILE_MAN" sheetIndex="42" />
  
  <creature gameID="FOX" sheetIndex="50" />
  <creature gameID="TROGLODYTE" sheetIndex="52" />
  
	<creature gameID="DRAGON">
		<variant sheetIndex ="54"  frames = "0"/>
		<variant sheetIndex ="55"  frames = "1"/>
		<variant sheetIndex ="56"  frames = "2"/>
		<variant sheetIndex ="57"  frames = "3"/>
		<variant sheetIndex ="58"  frames = "4"/>
		<variant sheetIndex ="59"  frames = "5"/>
	</creature>
</creatures>
