<?xml version="1.0" ?>



<building name="Ashery" game_type="Workshop" game_subtype="Ashery" file="workshop.png"> 
	<!-- benches wall -->
	<if> 
		<!-- replace this with position index if required -->
		<BuildingOccupancy value="3" />
		<!-- benches -->
		<include file="wsBenches.xml"/>
	</if>
	<else>
		<include file="wsUpperBorder.xml"/>
	</else>
	<!-- end benches wall -->
 
	<!-- contents -->
	
	<if>
		<PositionIndex value="5" />
		<sprite index = "171" offsetx="-2" offsety="-1"/>
	</if>
	
	<if>
		<BuildingOccupancy value="3" />
		<if>
			<PositionIndex value="1" />
			<sprite index = "266" />
		</if>
		<else>
			<PositionIndex value="6" />
			<sprite index = "278" />
		</else>
	</if>
	
	<include file="ws3x3Blueprint.xml"/>
	<include file="wsLowerBorder.xml"/>	
	
</building> 
