<?xml version="1.0"?>

<building name="Cabinet" game_type="Cabinet" >
  <if>
    <MaterialType value="Wood" />
    <sprite index="88" color="building" />
  </if>
  <else><!-- GreenGlass -->
	<MaterialType value="GreenGlass" />
	<sprite index="67" />
  </else>
  <else><!-- ClearGlass or CrystalGlass -->
	<or>
		<MaterialType value="ClearGlass" />
		<MaterialType value="CrystalGlass" />
	</or>
	<sprite index="68" />
  </else>
  <else>
    <sprite index="87" color="building" />
  </else>
</building>
