<?xml version="1.0"?>

<building name="Chair" game_type="Chair" >
  <if>
    <MaterialType value="Wood" />
    <sprite index="84" color="building" />
  </if>
  <else><!-- GreenGlass -->
	<MaterialType value="GreenGlass" />
	<sprite index="64" />
  </else>
  <else><!-- ClearGlass or CrystalGlass -->
	<or>
		<MaterialType value="ClearGlass" />
		<MaterialType value="CrystalGlass" />
	</or>
	<sprite index="65" />
  </else>
  <else>
    <sprite index="85" color="building" />
  </else>
</building>
