<?xml version="1.0" ?>



<building name="Clothiers Shop" game_type="Workshop" game_subtype="Clothiers" file="workshop.png"> 
	<!-- benches wall -->
	<if> 
		<!-- replace this with position index if required -->
		<BuildingOccupancy value="3" />	
		<!-- benches -->
		<include file="wsBenches.xml"/>
	</if>
	<else>
		<include file="wsUpperBorder.xml"/>
	</else>
	<!-- end benches wall -->
 
	<!-- contents -->
	
	<if>
		<PositionIndex value=2 />
		<sprite index = 162 />
	</if>	

	<else>
		<PositionIndex value=8 />
		<sprite index = 190 />
	</else>		
		
	<if>
		<BuildingOccupancy value="3" />
		<if>
			<PositionIndex value=0 />
			<sprite index = 188 />
		</if>
		<else>
			<PositionIndex value=7 />
			<sprite index = 189 />
		</else>
	</if>
		
	<include file="ws3x3Blueprint.xml"/>
	<include file="wsLowerBorder.xml"/>
	
</building> 
