<?xml version="1.0" ?>



<building name="Dyers" game_type="Workshop" game_subtype="Dyers" file="workshop.png"> 
	<!-- benches wall -->
	<if> 
		<!-- replace this with position index if required -->
		<BuildingOccupancy value="3" />	
		<!-- benches -->
		<include file="wsBenches.xml"/>	
	</if>
	<else>
		<include file="wsUpperBorder.xml"/>
	</else>
	<!-- end benches wall -->
 
	<!-- contents -->
		
	<if>
		<PositionIndex value=2 />
		<sprite index = 171 />
	</if>
		
	<if>
		<BuildingOccupancy value="3" />
		<include file="wsTub.xml" />
		<if>
			<PositionIndex value=1 />
			<sprite index = 152 />
		</if>
		<else>
			<PositionIndex value=6 />
			<sprite index = 153 />
		</else>
		<else>
			<PositionIndex value=8 />
			<sprite index = 157 />
		</else>
	</if>		
	
	<include file="ws3x3Blueprint.xml"/>
	<include file="wsLowerBorder.xml"/>
	
</building> 
