<?xml version="1.0" ?>

<building name="Kennels" game_type="Workshop" game_subtype="Kennels" >

	<include file="wsUpperBorder.xml"/>

	<if>
		<PositionIndex value="6" />
		<sprite index="107" />
	</if>
	
	<else>
		<and>
			<PositionIndex value= "8" />
			<BuildingOccupancy value="2" />
		</and>
		<sprite index = "107" />
	</else>
	
	<else>
		<and>
			<PositionIndex value= "16" />
			<BuildingOccupancy value="2" />
		</and>
		<sprite index = "312" color="building" />
	</else>
	
	<else>
		<PositionIndex value="18" />
		<sprite index = "107" />
	</else>


	<include file="ws5x5Blueprint.xml"/>
	<include file="wsLowerBorder.xml"/>
	
</building> 
