<?xml version="1.0" ?>



<building name="Kiln" game_type="Furnace" game_subtype="Kiln" file="workshop.png"> 

	<!-- benches wall -->
	<if>
		<BuildingOccupancy value="3" />
		<include file="wsFurnace.xml" />
	</if>
	<else>
		<HaveFloor/>
		<include file="wsUpperBorder.xml"/>
	</else>
	<!-- end benches wall -->
 
	<!-- contents -->

	<if>
		<HaveFloor/>
		<if>
			<PositionIndex value=2 />
			<rotate>
				<sprite index = 127 />
				<sprite index = 128 />
				<sprite index = 129 />
				<sprite index = 126 />
			</rotate>
		</if>	
		
		<else>
			<PositionIndex value=6 />
			<rotate>
				<sprite index = 164 offsetx=5/>	
				<sprite index = 165 />
				<sprite index = 164 />	
				<sprite index = 165 />	
			</rotate>
		</else>
		
		<else>
			<PositionIndex value=8 />
			<sprite index = 170 />	
		</else>	
	</if>	
	
	<if>
		<or>
			<BuildingOccupancy value="3" />
			<not><HaveFloor/></not>
		</or>
		<empty/>
	</if>
		
	<include file="ws3x3Blueprint.xml"/>
	<include file="wsLowerBorder.xml"/>
	
</building> 