<?xml version="1.0" ?>



<building name="Masonry" game_type="Workshop" game_subtype="Masons" file="workshop.png">

	<!-- benches wall -->
	<if> 
		<!-- replace this with position index if required -->
		<BuildingOccupancy value="3" />	
		<!-- benches -->
		<include file="wsBenches.xml"/>	
	</if>
	<else>
		<include file="wsUpperBorder.xml"/>
	</else>
	<!-- end benches wall -->
 
	<!-- contents -->
		
	<if>
		<PositionIndex value=7 />
		<sprite index = 170 offsetx=2 offsety=-1/>
	</if>	
	
	<if>
		<BuildingOccupancy value="3" />		
		<if>
			<PositionIndex value=2 />
			<sprite index = 170 offsetx=-3 offsety=-8/>
		</if>		
		<else>
			<PositionIndex value=5 />
			<sprite index = 168 offsetx=2 offsety=-2 />
			<sprite index = 169 offsetx=-3 offsety=-2 />
		</else>		
	</if>		
	
	<include file="ws3x3Blueprint.xml"/>
	<include file="wsLowerBorder.xml"/>
	
</building> 
