<?xml version="1.0" ?>


<building name="Soapmakers Worshop" game_type="Workshop" game_subtype="Custom" game_custom="SOAP_MAKER" file="workshop.png"> 

	<!-- benches wall -->
	<if> 
		<!-- replace this with position index if required -->
		<BuildingOccupancy value="3" />	
		<!-- benches -->
		<include file="wsFPTub.xml"/>
	</if>
	<else>
		<HaveFloor/>
		<include file="wsUpperBorder.xml"/>
	</else>
	<!-- end benches wall -->
 
	<!-- contents -->
	
	<if>
		<and>
			<not><BuildingOccupancy value="1" /></not>
			<PositionIndex value=7 />
		</and>
		<if>
			<HaveFloor/>
			<rotate>
				<sprite index=164 />
				<sprite index=165 />
				<sprite index=164 />
				<sprite index=165 />
			</rotate>
		</if>
		<else>
			<rotate>
				<sprite index=177 />
				<sprite index=178 />
				<sprite index=177 />
				<sprite index=178 />
			</rotate>
			<rotate>
				<sprite index=164 offsetx=2 />
				<sprite index=165 offsetx=2 />
				<sprite index=164 offsetx=2 />
				<sprite index=165 offsetx=2 />
			</rotate>
		</else>
	</if>		
	
	<else>
		<and>
			<HaveFloor />
			<PositionIndex value=0 />
		</and>
		<sprite index = 222 color="building" pattern_index="1" />
		<sprite index = 223 />
	</else>
	
	<if>
		<BuildingOccupancy value="3" />
		<if>
			<PositionIndex value=2 />
			<sprite index=155/>
		</if>
		<if>
			<PositionIndex value=5 />
			<sprite index=155/>
		</if>		
	</if>	
	<else>
		<not><HaveFloor/></not>
		<empty/>
	</else>
	
	<include file="ws3x3Blueprint.xml"/>
	<include file="wsLowerBorder.xml"/>
	
</building> 
