<?xml version="1.0"?>
<building name="Well" game_type="Well" file="workshop.png">
  <if>
	<or>
		<BuildingSpecial value="0" />
		<BuildingSpecial value="1" />
	</or>
    <include file="wsBenches.xml" />
    <include file="wsTub.xml" />
    <sprite index="218" color="building" pattern_index="0"/>
  </if>
  <if>
	<BuildingSpecial value="0" />
    <sprite index="217" color="building" pattern_index="2"/>
    <sprite index="215" color="building" pattern_index="1"/>
 </if>
  <if>
	<BuildingSpecial value="1" />
    <sprite index="214" color="building" pattern_index="1"/>
 </if>
  <if>
	<BuildingSpecial value="2" />
    <sprite index="216" color="building" pattern_index="2"/>
    <sprite index="213" color="building" pattern_index="1"/>
 </if>
  <if>
	<BuildingSpecial value="3" />
    <sprite index="212" color="building" pattern_index="1"/>
 </if>
</building>
