<?xml version="1.0"?>
<colors>
  <color red="172" green="129" blue="112">
    <material value="Inorganic">
      <subtype value="SANDSTONE" />
    </material>
  </color>
  <color red="183" green="181" blue="158">
    <material value="Inorganic">
      <subtype value="SILTSTONE" />
    </material>
  </color>
  <color red="159" green="161" blue="148">
    <material value="Inorganic">
      <subtype value="MUDSTONE" />
    </material>
  </color>
  <color red="171" green="175" blue="178">
    <material value="Inorganic">
      <subtype value="SHALE" />
    </material>
  </color>
  <color red="217" green="203" blue="180">
    <material value="Inorganic">
      <subtype value="CLAYSTONE" />
    </material>
  </color>
  <color red="214" green="168" blue="165">
    <material value="Inorganic">
      <subtype value="ROCK_SALT" />
    </material>
  </color>
  <color red="217" green="201" blue="185">
    <material value="Inorganic">
      <subtype value="LIMESTONE" />
    </material>
  </color>
  <color red="211" green="201" blue="166">
    <material value="Inorganic">
      <subtype value="CONGLOMERATE" />
    </material>
  </color>
  <color red="238" green="237" blue="234">
    <material value="Inorganic">
      <subtype value="DOLOMITE" />
    </material>
  </color>
  <color red="138" green="139" blue="133">
    <material value="Inorganic">
      <subtype value="CHERT" />
    </material>
  </color>
  <color red="255" green="255" blue="255">
    <material value="Inorganic">
      <subtype value="CHALK" />
    </material>
  </color>
  <color red="161" green="156" blue="143">
    <material value="Inorganic">
      <subtype value="GRANITE" />
    </material>
  </color>
  <color red="140" green="141" blue="130">
    <material value="Inorganic">
      <subtype value="DIORITE" />
    </material>
  </color>
  <color red="108" green="105" blue="103">
    <material value="Inorganic">
      <subtype value="GABBRO" />
    </material>
  </color>
  <color red="148" green="135" blue="134">
    <material value="Inorganic">
      <subtype value="RHYOLITE" />
    </material>
  </color>
  <color red="75" green="64" blue="68">
    <material value="Inorganic">
      <subtype value="BASALT" />
    </material>
  </color>
  <color red="156" green="147" blue="137">
    <material value="Inorganic">
      <subtype value="ANDESITE" />
    </material>
  </color>
  <color red="64" green="64" blue="64">
    <material value="Inorganic">
      <subtype value="OBSIDIAN" />
    </material>
  </color>
  <color red="220" green="224" blue="210">
    <material value="Inorganic">
      <subtype value="QUARTZITE" />
    </material>
  </color>
  <color red="149" green="179" blue="198">
    <material value="Inorganic">
      <subtype value="SLATE" />
    </material>
  </color>
  <color red="165" green="171" blue="159">
    <material value="Inorganic">
      <subtype value="PHYLLITE" />
    </material>
  </color>
  <color red="171" green="119" blue="77">
    <material value="Inorganic">
      <subtype value="SCHIST" />
    </material>
  </color>
  <color red="184" green="188" blue="185">
    <material value="Inorganic">
      <subtype value="GNEISS" />
    </material>
  </color>
  <color red="255" green="255" blue="255">
    <material value="Inorganic">
      <subtype value="MARBLE" />
    </material>
  </color>
</colors>
